# Pl,Age,Playing Time MP,Playing Time Min,Playing Time 90s,Starts Starts,Starts Mn/Start,Starts Compl,Subs Subs,Subs Mn/Sub,Subs unSub,Team Success (xG) xG+/-90
25,25,24,2160,24,264,86,178,87,13,129,Positive
25,27.6,24,2160,24,264,82,168,95,21,120,Negative
25,26.8,23,2070,23,253,82,151,102,19,105,Positive
32,27.6,23,2070,23,253,80,146,105,22,102,Negative
23,27.7,24,2160,24,264,83,172,90,18,126,Negative
28,27.1,24,2160,24,264,84,188,76,20,140,Negative
29,29,25,2250,25,275,85,178,96,15,129,Negative
28,25.6,24,2160,24,264,82,162,102,21,114,Negative
27,27,24,2160,24,264,82,178,86,23,129,Negative
27,28.3,23,2070,23,253,82,153,99,21,108,Positive
22,27.8,25,2250,25,275,84,191,83,20,142,Positive
26,27.6,24,2160,24,264,83,174,90,20,125,Positive
33,26.9,24,2160,24,264,82,164,101,22,115,Negative
27,28.4,24,2160,24,264,85,170,92,15,124,Positive
25,28.8,24,2160,24,264,84,184,80,21,133,Positive
31,27,24,2160,24,264,81,164,96,23,119,Negative
27,24.4,38,3420,38,418,85,304,110,17,232,Positive
31,26.1,38,3420,38,418,85,304,113,20,228,Negative
29,25.4,38,3420,38,418,84,304,114,22,223,Negative
26,26.2,38,3420,38,418,84,308,111,22,231,Positive
23,28.5,38,3420,38,418,86,321,96,19,244,Negative
26,27.4,38,3420,38,418,84,306,111,22,226,Positive
33,26.7,38,3420,38,418,85,317,97,21,240,Negative
28,26.5,38,3420,38,418,84,308,109,23,232,Negative
27,27.7,38,3420,38,418,85,306,111,19,231,Positive
26,27,38,3420,38,418,86,338,79,20,261,Positive
29,27.2,38,3420,38,418,85,303,114,20,227,Positive
29,27.5,38,3420,38,418,85,309,108,18,233,Negative
28,26.2,38,3420,38,418,84,304,114,21,227,Negative
25,25.7,38,3420,38,418,85,307,110,19,232,Negative
25,26.5,38,3420,38,418,85,311,106,18,236,Positive
30,28.4,38,3420,38,418,84,309,106,23,234,Negative
26,27.3,38,3420,38,418,86,310,107,16,230,Negative
24,25.2,38,3420,38,418,86,324,91,17,229,Positive
27,25.8,38,3420,38,418,85,305,108,20,208,Positive
25,28.3,38,3420,38,418,86,339,81,19,235,Negative
27,26,38,3420,38,418,84,308,108,22,208,Positive
24,29.1,38,3420,38,418,86,321,95,17,208,Negative
29,26.3,38,3420,38,418,85,310,106,19,206,Negative
28,25.2,38,3420,38,418,85,306,110,19,203,Negative
23,26.1,38,3420,38,418,83,312,107,25,209,Negative
27,26.5,38,3420,38,418,85,320,99,22,216,Positive
24,26.1,38,3420,38,418,86,339,77,22,240,Positive
27,27.1,38,3420,38,418,85,306,109,19,209,Negative
27,26.7,38,3420,38,418,83,315,103,25,198,Negative
29,26.6,38,3420,38,418,85,314,101,19,215,Negative
24,27.2,38,3420,38,418,85,305,112,20,204,Positive
30,26.4,38,3420,38,418,84,311,104,22,211,Negative
24,27.8,38,3420,38,418,86,316,99,17,214,Positive
27,26.3,38,3420,38,418,85,313,106,19,204,Negative
29,25.8,38,3420,38,418,83,NA,123,21,163,Negative
28,25.7,38,3420,38,418,84,NA,113,22,173,Negative
25,26.4,38,3420,38,418,84,NA,128,20,155,Negative
27,25.5,38,3420,38,418,84,NA,117,20,166,Positive
25,29.4,38,3420,38,418,85,NA,98,20,185,Negative
24,25.5,38,3420,38,418,83,NA,120,24,164,Positive
24,26.1,38,3420,38,418,84,NA,112,21,172,Positive
24,26.6,38,3420,38,418,85,NA,127,17,157,Positive
24,26.9,38,3420,38,418,83,NA,120,22,166,Positive
29,24.8,38,3420,38,418,85,NA,119,16,165,Positive
28,26.5,38,3420,38,418,84,NA,118,20,166,Negative
30,26,38,3420,38,418,85,NA,126,17,157,Negative
25,25.9,38,3420,38,418,85,NA,111,18,171,Positive
26,28.9,38,3420,38,418,84,NA,113,20,171,Negative
29,27.4,38,3420,38,418,85,NA,107,21,177,Negative
21,26.6,38,3420,38,418,86,NA,97,19,187,Positive
28,26.7,38,3420,38,418,83,NA,113,26,153,Positive
28,26.6,38,3420,38,418,86,NA,104,17,162,Negative
21,27.4,38,3420,38,418,84,NA,99,22,167,Negative
23,28,38,3420,38,418,86,NA,86,18,180,Negative
25,27.7,38,3420,38,418,85,NA,109,18,157,Negative
24,27.3,38,3420,38,418,85,NA,113,20,153,Positive
23,25.7,38,3420,38,418,85,NA,111,16,155,Positive
31,26.2,38,3420,38,418,84,NA,107,22,159,Negative
25,25.9,38,3420,38,418,85,NA,111,18,155,Positive
23,26.1,38,3420,38,418,86,NA,109,15,157,Positive
21,26.7,38,3420,38,418,86,NA,108,17,158,Positive
28,26.3,38,3420,38,418,85,NA,112,20,154,Positive
24,26.9,38,3420,38,418,86,NA,99,17,167,Negative
30,25.4,38,3420,38,418,85,NA,107,20,159,Negative
28,26.8,38,3420,38,418,86,NA,106,15,160,Positive
25,28.5,38,3420,38,418,85,NA,103,18,163,Negative
21,26.1,38,3420,38,418,85,NA,110,17,156,Positive
22,26.9,38,3420,38,418,NA,NA,109,0,157,Negative
24,27.5,38,3420,38,418,NA,NA,101,0,165,Negative
24,27.5,38,3420,38,418,NA,NA,83,0,183,Negative
26,26.7,38,3420,38,418,NA,NA,109,0,157,Positive
28,27.1,38,3420,38,418,NA,NA,73,0,191,Positive
30,26.7,38,3420,38,418,NA,NA,114,0,152,Negative
25,26.4,38,3420,38,418,NA,NA,112,0,154,Negative
27,27.2,38,3420,38,418,NA,NA,107,0,159,Positive
27,25.6,38,3420,38,418,NA,NA,111,0,155,Positive
27,26.7,38,3420,38,418,NA,NA,111,0,155,Positive
26,26.2,38,3420,38,418,NA,NA,113,0,153,Negative
30,27.5,38,3420,38,418,NA,NA,92,0,174,Negative
26,27.2,38,3420,38,418,NA,NA,109,0,157,Negative
25,25.8,38,3420,38,418,NA,NA,108,0,157,Positive
29,27.9,38,3420,38,418,NA,NA,111,0,155,Negative
24,29.1,38,3420,38,418,NA,NA,108,0,157,Negative
27,28,38,3420,38,418,NA,NA,97,0,167,Negative
29,26.9,38,3420,38,418,NA,NA,111,0,155,Negative
27,27,38,3420,38,418,NA,NA,110,0,156,Negative
24,27.2,38,3420,38,418,NA,NA,114,0,152,Negative
27,27.5,38,3420,38,418,NA,NA,107,0,158,Negative
28,27.4,38,3420,38,418,NA,NA,101,0,165,Negative
25,27.8,38,3420,38,418,NA,NA,106,0,160,Negative
23,26.1,38,3420,38,418,NA,NA,100,0,166,Negative
25,28.5,38,3420,38,418,NA,NA,106,0,159,Negative
31,26.7,38,3420,38,418,NA,NA,110,0,156,Negative
27,27.3,38,3420,38,418,NA,NA,94,0,172,Negative
26,26,38,3420,38,418,NA,NA,109,0,157,Negative
26,28.7,38,3420,38,418,NA,NA,93,0,173,Negative
27,27.4,38,3420,38,418,NA,NA,105,0,161,Negative
33,29,38,3420,38,418,NA,NA,108,0,158,Negative
23,29.4,38,3420,38,418,NA,NA,109,0,158,Negative
29,27.1,38,3420,38,418,NA,NA,109,0,156,Negative
25,27,38,3420,38,418,NA,NA,107,0,159,Negative
29,26.6,38,3420,38,418,NA,NA,85,0,181,Negative
28,27.7,38,3420,38,418,NA,NA,109,0,157,Negative
28,26.8,38,3420,38,418,NA,NA,103,0,163,Negative
30,27.7,38,3420,38,418,NA,NA,106,0,160,Negative
31,26.5,38,3420,38,418,NA,NA,98,0,168,Negative
34,25.2,38,3420,38,418,NA,NA,109,0,156,Negative
33,25.6,38,3420,38,418,NA,NA,108,0,157,Negative
31,25.4,38,3420,38,418,NA,NA,108,0,159,Negative
28,27.7,38,3420,38,418,NA,NA,106,0,160,Negative
26,26.4,38,3420,38,418,NA,NA,111,0,155,Negative
27,27.4,38,3420,38,418,NA,NA,107,0,159,Negative
31,27.3,38,3420,38,418,NA,NA,105,0,161,Negative
27,27.6,38,3420,38,418,NA,NA,109,0,157,Negative
24,24.5,38,3420,38,418,NA,NA,106,0,160,Negative
25,28.2,38,3420,38,418,NA,NA,102,0,164,Negative
28,26.6,38,3420,38,418,NA,NA,111,0,155,Negative
27,26.3,38,3420,38,418,NA,NA,101,0,165,Negative
24,27.2,38,3420,38,418,NA,NA,88,0,176,Negative
25,27,38,3420,38,418,NA,NA,113,0,153,Negative
30,27.8,38,3420,38,418,NA,NA,104,0,162,Negative
28,27.9,38,3420,38,418,NA,NA,95,0,171,Negative
29,27.4,38,3420,38,418,NA,NA,111,0,154,Negative
28,27.9,38,3420,38,418,NA,NA,111,0,155,Negative
25,25.2,38,3420,38,418,NA,NA,97,0,169,Negative
24,28.6,38,3420,38,418,NA,NA,114,0,152,Negative
27,25.9,38,3420,38,418,NA,NA,108,0,159,Negative
29,26,38,3420,38,418,NA,NA,98,0,165,Negative
25,27.4,38,3420,38,418,NA,NA,99,0,167,Negative
25,27.8,38,3420,38,417,NA,NA,100,0,165,Negative
27,26.6,38,3420,38,418,NA,NA,105,0,160,Negative
27,24.4,38,3420,38,418,NA,NA,111,0,154,Negative
26,28,38,3420,38,418,NA,NA,100,0,166,Negative
28,26.8,38,3420,38,418,NA,NA,97,0,169,Negative
27,26.8,38,NA,NA,418,NA,NA,104,0,NA,Negative
26,24.6,38,NA,NA,418,NA,NA,91,0,NA,Negative
29,27.7,38,NA,NA,418,NA,NA,113,0,NA,Negative
28,27.6,38,NA,NA,418,NA,NA,103,0,NA,Negative
39,29,38,NA,NA,418,NA,NA,110,0,NA,Negative
27,27.5,38,NA,NA,418,NA,NA,108,0,NA,Negative
25,25.7,38,NA,NA,418,NA,NA,89,0,NA,Negative
23,27.7,38,NA,NA,418,NA,NA,108,0,NA,Negative
30,26.7,38,NA,NA,418,NA,NA,106,0,NA,Negative
26,26.4,38,NA,NA,418,NA,NA,105,0,NA,Negative
25,26.3,38,NA,NA,418,NA,NA,95,0,NA,Negative
24,25.1,38,NA,NA,418,NA,NA,106,0,NA,Negative
31,26.5,38,NA,NA,418,NA,NA,105,0,NA,Negative
28,25.2,38,NA,NA,418,NA,NA,108,0,NA,Negative
28,28.4,38,NA,NA,418,NA,NA,111,0,NA,Negative
29,28.5,38,NA,NA,418,NA,NA,110,0,NA,Negative
26,25.6,38,NA,NA,418,NA,NA,108,0,NA,Negative
28,24.1,38,NA,NA,418,NA,NA,102,0,NA,Negative
26,26.4,38,NA,NA,418,NA,NA,98,0,NA,Negative
23,28.8,38,NA,NA,418,NA,NA,88,0,NA,Negative
29,30.4,38,NA,NA,418,NA,NA,98,0,NA,Negative
28,26.2,38,NA,NA,418,NA,NA,89,0,NA,Negative
25,27.3,38,NA,NA,418,NA,NA,100,0,NA,Negative
27,26.7,38,NA,NA,418,NA,NA,97,0,NA,Negative
30,28.2,38,NA,NA,418,NA,NA,104,0,NA,Negative
28,27.2,38,NA,NA,418,NA,NA,94,0,NA,Negative
25,25.3,38,NA,NA,418,NA,NA,102,0,NA,Negative
24,27.1,38,NA,NA,418,NA,NA,108,0,NA,Negative
29,26.2,38,NA,NA,418,NA,NA,99,0,NA,Negative
25,26.6,38,NA,NA,418,NA,NA,106,0,NA,Negative
28,26.3,38,NA,NA,418,NA,NA,104,0,NA,Negative
25,27.6,38,NA,NA,418,NA,NA,106,0,NA,Negative
28,27.7,38,NA,NA,418,NA,NA,97,0,NA,Negative
26,28,22,1980,22,242,81,136,105,19,151,Positive
24,29.1,23,2070,23,253,80,141,108,24,128,Positive
26,26.4,22,1980,22,242,80,141,98,23,141,Positive
30,29.2,23,2070,23,253,81,148,97,22,155,Positive
34,29.7,23,2070,23,253,79,136,113,24,143,Negative
23,27.6,22,1980,22,242,82,153,87,20,153,Positive
31,29.1,23,2070,23,253,78,137,109,24,139,Negative
31,28.3,23,2070,23,253,81,149,99,20,134,Negative
25,27.8,22,1980,22,242,82,151,89,21,161,Negative
26,28.6,23,2070,23,253,83,151,101,18,170,Negative
28,28.6,23,2070,23,253,82,141,110,18,164,Negative
25,28,23,2070,23,253,84,159,93,17,146,Positive
30,26.4,23,2070,23,253,81,142,110,21,156,Positive
33,29.5,22,1980,22,242,78,136,101,27,147,Negative
26,24.9,23,2070,23,253,81,146,105,22,165,Positive
34,28.5,22,1980,22,242,78,132,110,26,128,Negative
31,29.4,22,1980,22,242,81,141,100,21,119,Positive
33,27.9,38,3420,38,418,82,247,167,20,277,Negative
26,26.9,38,3420,38,418,81,237,180,21,209,Positive
38,26.2,38,3420,38,418,82,254,159,20,264,Positive
33,28.5,38,3420,38,418,81,246,172,22,270,Negative
25,28.4,38,3420,38,418,82,261,155,21,222,Negative
28,29.1,38,3420,38,418,80,236,179,22,255,Negative
34,27.7,38,3420,38,418,81,234,181,21,269,Negative
31,26.6,38,3420,38,418,83,259,153,19,251,Negative
32,28.1,38,3420,38,418,80,241,175,22,243,Negative
31,28,38,3420,38,418,81,237,180,21,261,Negative
33,27.9,38,3420,38,418,82,237,178,20,273,Negative
29,27.7,38,3420,38,418,83,242,175,17,269,Negative
31,27.7,38,3420,38,418,83,256,163,19,248,Positive
33,28.6,38,3420,38,418,79,238,179,25,262,Positive
34,24.8,38,3420,38,418,81,235,179,20,246,Negative
29,28,38,3420,38,418,81,235,183,21,234,Positive
30,28.7,38,3420,38,418,82,248,163,20,254,Negative
27,26.6,38,3420,38,418,81,240,177,22,242,Positive
25,27.3,38,3420,38,418,82,272,148,23,231,Positive
25,26.4,38,3420,38,418,82,260,158,22,260,Positive
25,27.9,38,3420,38,418,82,258,155,21,276,Positive
34,28.8,38,3420,38,418,80,236,180,23,262,Negative
30,28.2,38,3420,38,418,82,266,149,21,266,Negative
31,26.7,38,3420,38,418,83,270,141,19,228,Negative
34,27.4,38,3420,38,418,80,243,176,24,222,Negative
27,28,38,3420,38,418,82,246,171,21,215,Negative
29,28,38,3420,38,418,81,233,184,20,219,Negative
28,27.9,38,3420,38,418,81,240,173,20,247,Negative
30,27.9,38,3420,38,418,82,279,137,23,217,Positive
30,25,38,3420,38,418,81,240,177,21,235,Positive
26,28.1,38,3420,38,418,81,233,184,20,266,Positive
30,25.2,38,3420,38,418,83,263,150,19,283,Negative
29,28,38,3420,38,418,82,253,165,20,238,Positive
26,26.7,38,3420,38,418,83,NA,130,21,189,Negative
30,26.1,38,3420,38,418,82,NA,130,23,187,Positive
28,27.8,38,3420,38,418,83,NA,123,22,183,Positive
27,27.5,38,3420,38,418,83,NA,132,20,182,Negative
30,25.8,38,3420,38,418,83,NA,130,20,187,Negative
26,29.3,38,3420,38,418,84,NA,128,19,185,Negative
31,27.7,38,3420,38,418,83,NA,130,19,189,Negative
30,27.5,38,3420,38,418,84,NA,128,19,175,Negative
27,26.8,38,3420,38,418,82,NA,133,24,174,Positive
29,27.7,38,3420,38,418,84,NA,134,19,187,Negative
31,27.7,38,3420,38,418,83,NA,129,20,185,Negative
26,27.6,38,3420,38,418,85,NA,120,18,198,Positive
27,24.8,38,3420,38,418,83,NA,126,22,195,Positive
26,27.7,38,3420,38,418,83,NA,133,23,187,Positive
28,27,38,3420,38,418,83,NA,132,22,187,Negative
30,27.1,38,3420,38,418,83,NA,126,22,179,Negative
25,27.6,38,3420,38,418,84,NA,132,20,188,Positive
26,26.7,38,3420,38,418,85,NA,113,17,153,Negative
27,27.6,38,3420,38,418,85,NA,113,19,153,Negative
30,27.7,38,3420,38,418,84,NA,112,21,154,Positive
28,25.5,38,3420,38,418,85,NA,110,18,156,Negative
25,28.5,38,3420,38,418,85,NA,111,19,154,Positive
25,27.7,38,3420,38,418,85,NA,114,18,152,Negative
26,27.5,38,3420,38,418,85,NA,114,18,152,Positive
26,26.6,38,3420,38,418,85,NA,113,19,153,Negative
30,26.7,38,3420,38,418,84,NA,111,23,155,Negative
29,26.6,38,3420,38,418,85,NA,112,17,154,Negative
26,26.3,38,3420,38,418,84,NA,113,20,152,Negative
29,26.6,38,3420,38,418,84,NA,111,20,155,Negative
30,24.9,38,3420,38,418,84,NA,110,20,156,Positive
25,26.4,38,3420,38,418,84,NA,108,23,158,Positive
28,27.4,38,3420,38,418,85,NA,113,18,152,Negative
26,27.1,38,3420,38,418,85,NA,113,19,152,Negative
30,25.5,38,3420,38,418,85,303,111,20,154,Negative
26,26.7,38,3420,38,418,85,312,106,22,160,Negative
26,26.6,38,3420,38,418,83,304,110,24,156,Positive
25,27.7,38,3420,38,418,84,305,111,21,155,Positive
29,27.1,38,3420,38,418,84,302,113,21,153,Negative
23,25.7,38,3420,38,418,85,308,109,19,157,Negative
25,26.8,38,3420,38,418,84,312,105,25,161,Negative
25,26.3,38,3420,38,418,85,312,106,19,159,Positive
32,28.2,38,3420,38,418,84,303,113,22,150,Negative
36,27,38,3420,38,418,84,309,106,24,160,Negative
28,27.8,38,3420,38,418,84,304,109,23,157,Negative
33,25.7,38,3420,38,418,83,303,112,25,151,Negative
37,27.2,38,3420,38,418,83,299,113,23,152,Negative
24,27.1,38,3420,38,418,85,308,105,20,161,Positive
27,25.9,38,3420,38,418,85,306,108,20,158,Positive
31,27.1,38,3420,38,418,84,303,114,22,152,Positive
32,26.6,38,3420,38,418,84,299,112,22,153,Negative
25,26.8,38,3420,38,418,84,302,114,22,151,Negative
22,26.9,38,3420,38,418,83,307,109,26,156,Negative
25,26.9,38,3420,38,418,84,323,94,25,172,Negative
27,26.1,38,3420,38,418,84,305,111,23,154,Negative
27,26.1,38,3420,38,418,84,298,113,20,152,Negative
24,26.9,38,3420,38,418,84,299,112,21,152,Negative
27,27.2,38,3420,38,418,84,312,105,22,161,Negative
35,24.7,38,3420,38,418,83,303,111,25,155,Negative
28,27.7,38,3420,38,418,84,307,107,21,159,Negative
31,26.3,38,3420,38,418,84,303,112,23,154,Negative
35,26.3,38,3420,38,418,83,305,112,26,154,Negative
24,27,38,3420,38,419,84,306,111,21,155,Negative
27,26,38,3420,38,418,84,302,109,21,156,Negative
28,26.8,38,3420,38,418,83,303,111,23,154,Negative
29,26.4,38,3420,38,418,84,303,113,22,150,Negative
31,25.9,38,3420,38,418,84,306,106,21,160,Negative
27,26.7,38,3420,38,418,85,303,111,18,152,Negative
25,27.7,38,3420,38,418,84,299,114,22,152,Negative
25,25.9,38,3420,38,418,83,308,107,26,159,Negative
29,27.4,38,3420,38,418,83,298,114,24,151,Negative
28,25.6,38,3420,38,419,85,304,111,19,155,Negative
26,24.9,38,3420,38,418,84,308,106,25,160,Negative
27,26.7,38,3420,38,418,84,299,114,21,152,Negative
28,25.9,38,3420,38,418,84,300,112,23,154,Negative
25,28.2,38,3420,38,418,84,314,101,23,164,Negative
27,27.6,38,3420,38,418,84,303,111,20,156,Negative
27,27.2,38,3420,38,418,83,299,114,23,151,Negative
30,28,38,3420,38,418,84,302,112,22,154,Negative
29,28.5,38,3420,38,418,82,299,111,28,154,Negative
27,25.3,38,3420,38,418,85,304,110,19,156,Negative
28,24.5,38,3420,38,418,84,300,113,22,153,Negative
30,24.7,38,3420,38,419,83,298,114,25,153,Negative
26,25.3,38,3420,38,418,83,305,110,25,157,Negative
27,26.1,38,3420,38,418,NA,NA,111,0,153,Negative
26,26.8,38,3420,38,418,NA,NA,112,0,156,Negative
25,27.5,38,3420,38,418,NA,NA,107,0,159,Negative
24,27.7,38,3420,38,418,NA,NA,107,0,159,Negative
23,26.3,38,3420,38,418,NA,NA,110,0,158,Negative
33,25.7,38,3420,38,418,NA,NA,105,0,157,Negative
24,26.3,38,3420,38,418,NA,NA,112,0,153,Negative
27,26.9,38,3420,38,418,NA,NA,113,0,154,Negative
34,26.6,38,3420,38,418,NA,NA,111,0,152,Negative
27,26.9,38,3420,38,418,NA,NA,112,0,151,Negative
29,28,38,3420,38,418,NA,NA,112,0,156,Negative
23,26.6,38,3420,38,418,NA,NA,112,0,148,Negative
28,27.2,38,3420,38,418,NA,NA,110,0,157,Negative
24,26.4,38,3420,38,418,NA,NA,111,0,155,Negative
25,26.5,38,3420,38,418,NA,NA,110,0,155,Negative
26,26.2,38,3420,38,418,NA,NA,114,0,153,Negative
28,25,38,3420,38,418,NA,NA,112,0,150,Negative
24,26.4,38,NA,NA,418,NA,NA,114,0,NA,Negative
25,26.9,38,NA,NA,418,NA,NA,105,0,NA,Negative
25,27.4,38,NA,NA,418,NA,NA,106,0,NA,Negative
33,26.6,38,NA,NA,418,NA,NA,113,0,NA,Negative
26,25,38,NA,NA,418,NA,NA,112,0,NA,Negative
28,27.2,38,NA,NA,418,NA,NA,113,0,NA,Negative
24,26.7,38,NA,NA,418,NA,NA,109,0,NA,Negative
28,27.7,38,NA,NA,418,NA,NA,111,0,NA,Negative
26,26.3,38,NA,NA,418,NA,NA,110,0,NA,Negative
28,27,38,NA,NA,418,NA,NA,113,0,NA,Negative
30,25.8,38,NA,NA,418,NA,NA,108,0,NA,Negative
25,26.4,38,NA,NA,418,NA,NA,112,0,NA,Negative
27,25.8,38,NA,NA,418,NA,NA,110,0,NA,Negative
31,25.9,38,NA,NA,418,NA,NA,112,0,NA,Negative
31,26.1,38,NA,NA,418,NA,NA,111,0,NA,Negative
25,27.7,38,NA,NA,418,NA,NA,114,0,NA,Negative
25,25.2,38,NA,NA,418,NA,NA,114,0,NA,Negative
25,25.4,38,NA,NA,418,NA,NA,103,0,NA,Negative
27,25.9,38,NA,NA,418,NA,NA,106,0,NA,Negative
33,26.8,38,NA,NA,418,NA,NA,113,0,NA,Negative
25,26.5,38,NA,NA,418,NA,NA,105,0,NA,Negative
27,26.9,38,NA,NA,418,NA,NA,112,0,NA,Negative
28,26.9,38,NA,NA,418,NA,NA,110,0,NA,Negative
28,28.8,38,NA,NA,418,NA,NA,110,0,NA,Negative
27,29.2,38,NA,NA,418,NA,NA,114,0,NA,Negative
28,27.9,38,NA,NA,418,NA,NA,112,0,NA,Negative
29,26.9,38,NA,NA,418,NA,NA,111,0,NA,Negative
30,27.6,38,NA,NA,418,NA,NA,111,0,NA,Negative
29,26.6,38,NA,NA,418,NA,NA,111,0,NA,Negative
22,25.3,38,NA,NA,418,NA,NA,109,0,NA,Negative
23,26.4,38,NA,NA,418,NA,NA,114,0,NA,Negative
23,27.3,38,NA,NA,418,NA,NA,104,0,NA,Negative
33,26.9,38,NA,NA,418,NA,NA,113,0,NA,Negative
33,26.9,22,1980,22,242,82,151,92,20,103,Negative
27,27.2,21,1890,21,231,80,135,94,24,85,Positive
26,30.2,22,1980,22,242,81,138,103,21,91,Negative
28,26.3,22,1980,22,242,81,147,96,23,99,Positive
26,26.5,22,1980,22,242,82,146,96,19,102,Positive
23,27.8,21,1890,21,231,83,130,100,16,89,Positive
31,27.1,22,1980,22,242,79,139,101,25,97,Negative
26,25.5,21,1890,21,231,80,122,104,21,84,Positive
26,27.5,22,1980,22,242,85,160,84,13,114,Negative
26,27.6,22,1980,22,242,81,138,105,20,92,Negative
25,26.9,22,1980,22,242,82,142,99,20,81,Positive
34,28.2,22,1980,22,242,81,147,94,23,102,Negative
30,25.1,22,1980,22,242,83,144,94,18,101,Positive
28,28.5,21,1890,21,231,81,128,102,19,87,Positive
24,27.9,22,1980,22,242,82,141,100,18,96,Negative
26,25.4,22,1980,22,242,81,140,102,22,96,Negative
26,26.6,34,3060,34,374,80,205,169,23,136,Negative
28,28,34,3060,34,374,82,232,140,20,155,Negative
33,25.9,34,3060,34,374,83,231,142,19,148,Positive
27,26.2,34,3060,34,374,82,232,144,21,160,Negative
26,26.5,34,3060,34,374,83,219,157,17,145,Positive
29,25.9,34,3060,34,374,83,236,139,19,151,Negative
36,26.7,34,3060,34,374,80,222,152,24,151,Negative
32,26.1,34,3060,34,374,81,219,155,22,141,Positive
26,27,34,3060,34,374,82,216,158,19,148,Negative
29,24.4,34,3060,34,374,83,219,154,17,136,Positive
28,26.2,34,3060,34,374,82,221,150,18,148,Positive
34,24,34,3060,34,374,83,240,135,20,170,Negative
28,28.3,34,3060,34,374,83,220,154,18,151,Positive
30,26,34,3060,34,374,82,232,139,21,161,Positive
26,26,34,3060,34,374,83,227,147,17,157,Negative
25,27,34,3060,34,374,82,231,141,21,159,Negative
29,27.3,34,3060,34,374,82,237,137,21,163,Positive
26,25.6,34,3060,34,374,83,234,139,19,163,Positive
25,27.2,34,3060,34,374,84,238,136,18,165,Positive
24,26.2,34,3060,34,374,82,223,152,19,151,Negative
30,25.7,34,3060,34,374,83,241,130,21,166,Negative
30,25.4,34,3060,34,374,83,253,123,23,174,Positive
23,26.9,34,3060,34,374,83,230,142,18,159,Positive
31,25.8,34,3060,34,374,83,223,150,18,152,Negative
25,25,34,3060,34,374,81,222,154,22,143,Positive
42,25.9,34,3060,34,374,83,257,117,23,181,Negative
29,24.1,34,3060,34,374,81,217,156,21,150,Negative
27,27.3,34,3060,34,374,82,227,146,19,150,Positive
27,26.3,34,3060,34,374,82,231,144,20,162,Negative
26,25.6,34,3060,34,374,85,243,128,15,173,Positive
29,26.7,34,3060,34,374,84,NA,104,21,163,Positive
28,27.1,34,3060,34,374,84,NA,115,21,188,Negative
27,27,34,3060,34,374,84,NA,109,21,194,Positive
26,26.4,34,3060,34,374,84,NA,111,20,189,Negative
32,26.2,34,3060,34,374,83,NA,109,22,195,Negative
31,26,34,3060,34,374,82,NA,114,24,187,Negative
29,25.6,34,3060,34,374,82,NA,117,24,187,Negative
24,26.1,34,3060,34,374,82,NA,113,25,186,Positive
25,26.3,34,3060,34,374,84,NA,112,18,183,Positive
25,24.6,34,3060,34,374,83,NA,117,23,189,Negative
29,24.2,34,3060,34,374,83,NA,113,23,182,Positive
26,27.7,34,3060,34,374,84,NA,113,20,193,Negative
30,26.7,34,3060,34,374,84,NA,117,18,168,Negative
26,26,34,3060,34,374,85,NA,106,18,199,Positive
30,26.5,34,3060,34,374,85,NA,94,22,144,Negative
24,27.4,34,3060,34,374,85,NA,102,20,133,Positive
23,24.8,34,3060,34,374,85,NA,100,17,137,Positive
24,26.9,34,3060,34,374,85,NA,97,19,140,Negative
30,26.4,34,3060,34,374,84,NA,93,21,145,Positive
28,25.8,34,3060,34,374,85,NA,101,20,137,Negative
26,25.9,34,3060,34,374,85,NA,92,20,145,Negative
21,25.3,34,3060,34,374,85,NA,93,22,144,Positive
22,26.5,34,3060,34,374,84,NA,102,20,136,Negative
28,24.2,34,3060,34,374,85,NA,102,20,136,Negative
27,24.9,34,3060,34,374,84,NA,96,20,141,Negative
23,24,34,3060,34,374,86,NA,100,15,138,Positive
32,25.8,34,3060,34,374,84,NA,97,21,141,Negative
26,26.3,34,3060,34,374,84,NA,101,23,137,Negative
24,27.1,34,3060,34,374,84,NA,101,22,137,Negative
25,25.4,34,3060,34,374,86,NA,97,16,140,Negative
28,27.4,34,3060,34,374,NA,NA,102,0,134,Positive
28,26.4,34,3060,34,374,NA,NA,101,0,137,Positive
29,24.8,34,3060,34,374,NA,NA,96,0,142,Negative
29,25,34,3060,34,374,NA,NA,97,0,138,Negative
26,26.4,34,3060,34,374,NA,NA,100,0,136,Negative
25,26.4,34,3060,34,374,NA,NA,95,0,142,Negative
26,25,34,3060,34,374,NA,NA,102,0,136,Positive
31,25.3,34,3060,34,374,NA,NA,101,0,136,Negative
24,24,34,3060,34,374,NA,NA,102,0,135,Positive
27,25.7,34,3060,34,374,NA,NA,97,0,140,Negative
23,23.4,34,3060,34,374,NA,NA,98,0,139,Positive
26,25.6,34,3060,34,374,NA,NA,100,0,137,Negative
25,26.3,34,3060,34,374,NA,NA,97,0,140,Negative
29,25.1,34,3060,34,374,NA,NA,91,0,147,Negative
28,27.1,34,3060,34,374,NA,NA,100,0,137,Negative
22,28,34,3060,34,374,NA,NA,99,0,139,Negative
31,27.6,34,3060,34,374,NA,NA,100,0,137,Negative
27,25.3,34,3060,34,374,NA,NA,102,0,136,Negative
26,25.9,34,3060,34,374,NA,NA,100,0,138,Negative
25,24.7,34,3060,34,374,NA,NA,101,0,137,Negative
26,27.1,34,3060,34,374,NA,NA,98,0,140,Negative
22,26.9,34,3060,34,374,NA,NA,98,0,140,Negative
26,26.2,34,3060,34,374,NA,NA,88,0,149,Negative
24,24.2,34,3060,34,374,NA,NA,99,0,138,Negative
24,25.3,34,3060,34,374,NA,NA,99,0,138,Negative
28,25.1,34,3060,34,374,NA,NA,101,0,137,Negative
23,24,34,3060,34,374,NA,NA,97,0,141,Negative
29,25.3,34,3060,34,374,NA,NA,101,0,137,Negative
31,27,34,3060,34,374,NA,NA,100,0,138,Negative
31,25.7,34,3060,34,374,NA,NA,96,0,142,Negative
25,26.8,34,3060,34,374,NA,NA,95,0,129,Negative
26,25.6,34,3060,34,374,NA,NA,97,0,141,Negative
30,26.7,34,3060,34,374,NA,NA,91,0,147,Negative
28,27.1,34,3060,34,374,NA,NA,102,0,134,Negative
33,25.6,34,3060,34,374,NA,NA,91,0,146,Negative
26,26.1,34,3060,34,374,NA,NA,96,0,142,Negative
26,24.1,34,3060,34,374,NA,NA,100,0,138,Negative
25,26.3,34,3060,34,374,NA,NA,99,0,139,Negative
23,25.1,34,3060,34,374,NA,NA,91,0,146,Negative
27,24.1,34,3060,34,374,NA,NA,101,0,132,Negative
29,25,34,3060,34,374,NA,NA,101,0,138,Negative
31,26,34,3060,34,374,NA,NA,97,0,139,Negative
30,26.6,34,3060,34,374,NA,NA,96,0,141,Negative
29,27,34,3060,34,374,NA,NA,96,0,139,Negative
25,27.6,34,3060,34,374,NA,NA,100,0,137,Negative
28,26.6,34,3060,34,374,NA,NA,98,0,135,Negative
28,26.5,34,3060,34,374,NA,NA,97,0,140,Negative
26,25.9,34,3060,34,374,NA,NA,88,0,150,Negative
27,25.1,34,3060,34,374,NA,NA,100,0,138,Negative
31,27.3,34,3060,34,374,NA,NA,95,0,143,Negative
26,26.2,34,3060,34,374,NA,NA,95,0,141,Negative
23,25.1,34,3060,34,374,NA,NA,94,0,144,Negative
22,24.9,34,3060,34,374,NA,NA,98,0,139,Negative
19,25.7,34,3060,34,374,NA,NA,98,0,140,Negative
29,25.3,34,3060,34,374,NA,NA,97,0,140,Negative
24,26.8,34,3060,34,374,NA,NA,101,0,137,Negative
29,25.2,34,3060,34,374,NA,NA,95,0,142,Negative
24,24.9,34,3060,34,374,NA,NA,97,0,140,Negative
31,25.7,34,3060,34,374,NA,NA,97,0,140,Negative
22,26.1,34,3060,34,374,NA,NA,101,0,137,Negative
25,26.5,34,NA,NA,374,NA,NA,97,0,NA,Negative
26,25.9,34,NA,NA,374,NA,NA,100,0,NA,Negative
27,25.6,34,NA,NA,374,NA,NA,93,0,NA,Negative
30,23.9,34,NA,NA,374,NA,NA,96,0,NA,Negative
28,25,34,NA,NA,374,NA,NA,82,0,NA,Negative
26,25.7,34,NA,NA,374,NA,NA,96,0,NA,Negative
25,26.1,34,NA,NA,374,NA,NA,99,0,NA,Negative
25,24,34,NA,NA,374,NA,NA,99,0,NA,Negative
24,25.4,34,NA,NA,374,NA,NA,98,0,NA,Negative
21,25.6,34,NA,NA,374,NA,NA,98,0,NA,Negative
27,25.9,34,NA,NA,374,NA,NA,94,0,NA,Negative
27,24.8,34,NA,NA,374,NA,NA,97,0,NA,Negative
27,25.8,34,NA,NA,374,NA,NA,94,0,NA,Negative
26,25.9,34,NA,NA,374,NA,NA,99,0,NA,Negative
29,25.9,34,NA,NA,374,NA,NA,102,0,NA,Negative
24,26.1,34,NA,NA,374,NA,NA,94,0,NA,Negative
23,24.9,34,NA,NA,374,NA,NA,99,0,NA,Negative
28,26.6,34,NA,NA,373,NA,NA,96,0,NA,Negative
27,24.9,34,NA,NA,374,NA,NA,94,0,NA,Negative
27,24.4,34,NA,NA,374,NA,NA,89,0,NA,Negative
25,24.9,34,NA,NA,374,NA,NA,99,0,NA,Negative
33,24.3,34,NA,NA,374,NA,NA,96,0,NA,Negative
24,24.3,34,NA,NA,374,NA,NA,93,0,NA,Negative
22,25.3,34,NA,NA,374,NA,NA,100,0,NA,Negative
29,28.4,34,NA,NA,373,NA,NA,99,0,NA,Negative
25,27,34,NA,NA,374,NA,NA,99,0,NA,Negative
26,25.1,34,NA,NA,374,NA,NA,94,0,NA,Negative
27,25.6,34,NA,NA,374,NA,NA,93,0,NA,Negative
24,24.2,34,NA,NA,374,NA,NA,86,0,NA,Negative
29,27.1,34,NA,NA,374,NA,NA,96,0,NA,Negative
32,26.6,25,2250,25,275,82,171,100,21,124,Negative
29,27.2,25,2250,25,275,82,165,109,21,103,Negative
27,27.7,24,2160,24,264,83,157,105,17,107,Negative
28,26.8,25,2250,25,275,82,161,114,19,111,Positive
24,26.7,25,2250,25,275,84,182,93,19,129,Positive
28,25.8,24,2160,24,264,83,175,88,21,127,Negative
28,26.3,25,2250,25,275,82,173,100,20,117,Positive
29,27.7,24,2160,24,264,80,151,112,23,97,Positive
26,25.3,24,2160,24,264,81,166,95,23,121,Positive
29,26.3,25,2250,25,275,80,152,116,21,106,Negative
30,27.4,24,2160,24,264,81,159,102,23,113,Positive
30,25.4,24,2160,24,264,82,160,97,20,119,Positive
32,25.9,24,2160,24,264,82,152,109,20,106,Positive
28,28.3,24,2160,24,264,80,152,107,23,98,Negative
29,25.8,24,2160,24,264,83,161,101,19,115,Negative
30,26.4,24,2160,24,264,82,171,91,21,118,Negative
30,27.4,38,3420,38,418,84,260,154,16,183,Negative
39,25.7,38,3420,38,418,81,233,182,19,160,Negative
25,25.4,38,3420,38,418,83,270,146,19,185,Negative
28,26.9,38,3420,38,418,82,253,159,19,183,Negative
26,26.1,38,3420,38,418,83,269,145,18,181,Positive
30,25.6,38,3420,38,418,82,275,139,22,184,Positive
27,25,38,3420,38,418,84,273,144,17,196,Positive
36,25.9,38,3420,38,418,81,269,146,25,191,Negative
27,24.4,38,3420,38,418,81,246,168,21,173,Positive
26,25.8,38,3420,38,418,83,248,162,16,168,Negative
26,26.1,38,3420,38,418,83,256,159,17,170,Negative
27,25,38,3420,38,418,81,245,169,20,171,Positive
36,27.8,38,3420,38,418,85,276,140,15,201,Positive
35,24,38,3420,38,418,79,247,168,27,174,Negative
39,25.1,38,3420,38,418,79,229,185,23,155,Negative
35,27.1,38,3420,38,418,82,253,164,20,170,Negative
31,27.9,38,3420,38,418,81,247,170,21,168,Negative
28,27.6,38,3420,38,418,81,245,169,22,172,Negative
26,24.9,38,3420,38,418,84,269,146,17,194,Negative
33,25.7,38,3420,38,418,82,265,150,21,179,Negative
27,26.4,38,3420,38,418,83,249,164,18,178,Positive
21,25.4,38,3420,38,418,83,247,169,18,170,Positive
27,26.8,38,3420,38,418,82,253,163,19,179,Negative
29,25.8,38,3420,38,418,81,237,175,20,161,Positive
27,25.7,38,3420,38,418,83,281,133,22,205,Negative
25,28,38,3420,38,418,82,249,162,18,177,Negative
25,25.8,38,3420,38,418,83,275,139,19,202,Negative
31,23.5,38,3420,38,418,83,277,137,21,196,Negative
33,25.8,38,3420,38,418,83,269,148,19,190,Negative
33,26.7,38,3420,38,418,82,254,160,20,179,Positive
29,24.6,38,3420,38,418,82,266,145,21,195,Negative
32,25.5,38,3420,38,418,82,259,154,20,187,Positive
40,25.4,38,3420,38,418,80,242,176,23,164,Negative
26,26.8,38,3420,38,418,84,271,144,17,196,Positive
26,28,28,2520,28,308,84,NA,80,23,116,Positive
24,26.1,28,2520,28,308,85,NA,82,18,114,Negative
28,26.9,28,2520,28,308,83,NA,82,25,114,Negative
25,24.3,28,2520,28,308,85,NA,80,17,116,Positive
27,24.8,28,2520,28,308,84,NA,81,21,115,Positive
23,27.1,28,2520,28,308,86,NA,82,15,114,Positive
24,25.9,28,2520,28,308,85,NA,77,18,119,Negative
28,26,28,2520,28,308,85,NA,76,16,117,Positive
27,28.5,28,2520,28,308,86,NA,74,16,121,Positive
29,25.4,28,2520,28,308,86,NA,71,17,124,Negative
28,25.4,28,2520,28,308,85,NA,80,15,116,Negative
26,25.3,28,2520,28,308,85,NA,81,18,115,Positive
26,25.5,28,2520,28,308,85,NA,83,17,111,Positive
31,27,28,2520,28,308,84,NA,82,23,114,Negative
25,25.8,27,2430,27,297,86,NA,80,15,109,Positive
30,25.1,28,2520,28,308,84,NA,82,20,113,Negative
26,26.5,38,3420,38,418,85,307,106,18,160,Negative
24,28,38,3420,38,418,84,304,110,20,155,Positive
33,25.3,38,3420,38,418,84,303,110,22,156,Negative
26,25.8,38,3420,38,418,83,301,113,23,153,Negative
30,26,38,3420,38,418,84,306,107,22,158,Negative
25,24.4,38,3420,38,418,85,309,108,20,158,Positive
24,26.9,38,3420,38,418,85,301,110,18,156,Positive
42,25.6,38,3420,38,418,84,312,102,22,163,Negative
25,28,38,3420,38,418,85,308,107,17,156,Positive
33,25.9,38,3420,38,418,86,300,112,15,154,Positive
30,24.2,38,3420,38,418,85,307,109,19,157,Negative
23,24.1,38,3420,38,418,85,302,111,19,155,Negative
30,26.2,38,3420,38,418,84,305,109,21,140,Positive
27,26.2,38,3420,38,418,85,304,112,20,154,Negative
29,27.8,38,3420,38,418,84,298,113,19,151,Positive
29,25.5,38,3420,38,418,84,312,102,21,163,Negative
30,27.5,38,3420,38,418,85,303,111,20,155,Negative
27,27.1,38,3420,38,418,84,303,112,22,153,Positive
31,25.1,38,3420,38,418,84,303,112,21,153,Positive
26,27.3,38,3420,38,418,84,320,95,25,170,Negative
26,26.6,38,3420,38,418,84,302,111,20,154,Negative
23,27.2,38,3420,38,418,84,304,113,20,153,Negative
25,22.6,38,3420,38,418,83,303,109,25,157,Negative
26,24.4,38,3420,38,418,85,308,108,18,158,Positive
36,27.4,38,3420,38,418,84,308,102,22,157,Negative
23,26.4,38,3420,38,418,84,306,110,21,155,Positive
30,25.6,38,3420,38,418,83,301,111,24,155,Positive
31,25,38,3420,38,418,86,319,95,15,171,Negative
28,26.1,38,3420,38,418,85,306,105,19,161,Positive
28,24.2,38,3420,38,418,85,314,101,21,164,Positive
30,26.6,38,3420,38,418,83,304,107,24,158,Negative
25,27.2,38,3420,38,418,85,304,110,18,156,Negative
25,23.9,38,3420,38,418,84,305,110,22,156,Negative
25,26.7,38,3420,38,418,83,298,114,23,152,Negative
29,26.9,38,3420,38,418,NA,NA,102,0,162,Negative
27,28.7,38,3420,38,418,NA,NA,101,0,164,Negative
27,27.7,38,3420,38,418,NA,NA,108,0,157,Negative
25,27.6,38,3420,38,418,NA,NA,107,0,159,Negative
31,26.9,38,3420,38,418,NA,NA,108,0,158,Negative
30,26.8,38,3420,38,418,NA,NA,110,0,157,Negative
27,25,38,3420,38,418,NA,NA,104,0,161,Negative
27,27.4,38,3420,38,418,NA,NA,112,0,154,Negative
31,26.5,38,3420,38,418,NA,NA,105,0,161,Negative
29,25,38,3420,38,418,NA,NA,112,0,154,Negative
27,27.2,38,3420,38,418,NA,NA,109,0,158,Negative
27,24.3,38,3420,38,418,NA,NA,85,0,179,Negative
28,26.4,38,3420,38,418,NA,NA,111,0,155,Negative
31,26.3,38,3420,38,418,NA,NA,110,0,156,Negative
34,26.1,38,3420,38,418,NA,NA,111,0,153,Negative
30,23.3,38,3420,38,418,NA,NA,112,0,153,Negative
29,27.2,38,3420,38,418,NA,NA,110,0,155,Negative
26,28.7,38,3420,38,418,NA,NA,98,0,165,Negative
35,24.9,38,3420,38,418,NA,NA,114,0,151,Negative
24,28.2,38,3420,38,418,NA,NA,104,0,162,Negative
28,28.4,38,3420,38,418,NA,NA,105,0,161,Negative
31,25.4,38,3420,38,418,NA,NA,113,0,152,Negative
30,25.5,38,3420,38,418,NA,NA,113,0,153,Negative
28,25,38,3420,38,418,NA,NA,112,0,155,Negative
31,26.1,38,3420,38,418,NA,NA,110,0,157,Negative
30,27.1,38,3420,38,418,NA,NA,106,0,158,Negative
29,25.8,38,3420,38,418,NA,NA,109,0,157,Negative
33,24.2,38,3420,38,418,NA,NA,111,0,155,Negative
28,27,38,3420,38,418,NA,NA,111,0,154,Negative
31,26.9,38,3420,38,418,NA,NA,113,0,153,Negative
31,27.2,38,3420,38,418,NA,NA,114,0,151,Negative
33,26.5,38,3420,38,418,NA,NA,114,0,153,Negative
31,27.2,38,3420,38,418,NA,NA,95,0,169,Negative
30,26.2,38,3420,38,418,NA,NA,110,0,154,Negative
23,27.2,38,3420,38,418,NA,NA,104,0,160,Negative
29,26.8,38,3420,38,418,NA,NA,113,0,151,Negative
28,28.3,38,3420,38,418,NA,NA,107,0,157,Negative
27,26,38,3420,38,418,NA,NA,109,0,150,Negative
27,26.4,38,3420,38,418,NA,NA,104,0,149,Negative
32,24.8,38,3420,38,418,NA,NA,107,0,158,Negative
25,25.6,38,3420,38,418,NA,NA,103,0,162,Negative
27,25.5,38,3420,38,418,NA,NA,111,0,155,Negative
26,27.3,38,3420,38,418,NA,NA,111,0,143,Negative
27,26.3,38,3420,38,418,NA,NA,109,0,153,Negative
30,24,38,3420,38,417,NA,NA,108,0,157,Negative
23,26.8,38,3420,38,418,NA,NA,101,0,164,Negative
30,27,38,3420,38,418,NA,NA,113,0,153,Negative
22,26,38,3420,38,418,NA,NA,110,0,156,Negative
24,27.1,38,3420,38,418,NA,NA,108,0,155,Negative
27,24.4,38,3420,38,418,NA,NA,102,0,162,Negative
27,28.7,38,NA,NA,418,NA,NA,109,0,NA,Negative
29,26.9,38,NA,NA,418,NA,NA,109,0,NA,Negative
25,27.2,38,NA,NA,418,NA,NA,107,0,NA,Negative
22,26.9,38,NA,NA,418,NA,NA,107,0,NA,Negative
28,25.6,38,NA,NA,418,NA,NA,107,0,NA,Negative
28,25,38,NA,NA,418,NA,NA,103,0,NA,Negative
24,26.4,38,NA,NA,418,NA,NA,101,0,NA,Negative
29,26.4,38,NA,NA,418,NA,NA,105,0,NA,Negative
26,26,38,NA,NA,418,NA,NA,108,0,NA,Negative
28,25.7,38,NA,NA,418,NA,NA,112,0,NA,Negative
23,26.6,38,NA,NA,418,NA,NA,104,0,NA,Negative
32,25.5,38,NA,NA,418,NA,NA,112,0,NA,Negative
26,26.9,38,NA,NA,418,NA,NA,110,0,NA,Negative
36,25.2,38,NA,NA,418,NA,NA,109,0,NA,Negative
28,24.2,38,NA,NA,418,NA,NA,99,0,NA,Negative
26,26.7,38,NA,NA,418,NA,NA,94,0,NA,Negative
28,28.5,38,NA,NA,418,NA,NA,108,0,NA,Negative
29,27.8,38,NA,NA,418,NA,NA,102,0,NA,Negative
26,27,38,NA,NA,418,NA,NA,102,0,NA,Negative
33,26.3,38,NA,NA,418,NA,NA,110,0,NA,Negative
25,26.9,38,NA,NA,418,NA,NA,113,0,NA,Negative
31,26,38,NA,NA,418,NA,NA,103,0,NA,Negative
25,26.4,38,NA,NA,418,NA,NA,91,0,NA,Negative
28,26.6,38,NA,NA,418,NA,NA,106,0,NA,Negative
29,25.5,38,NA,NA,418,NA,NA,92,0,NA,Negative
32,24.9,38,NA,NA,418,NA,NA,107,0,NA,Negative
31,26.8,38,NA,NA,418,NA,NA,108,0,NA,Negative
26,26.1,38,NA,NA,418,NA,NA,109,0,NA,Negative
31,24.8,38,NA,NA,418,NA,NA,106,0,NA,Negative
25,25.9,38,NA,NA,418,NA,NA,98,0,NA,Negative
24,24.1,38,NA,NA,418,NA,NA,96,0,NA,Negative
26,26.7,38,NA,NA,418,NA,NA,106,0,NA,Negative
25,26.8,23,2070,23,253,79,141,111,24,132,Positive
26,27.6,23,2070,23,253,81,150,101,21,161,Negative
31,26.6,23,2070,23,253,79,139,113,24,195,Negative
28,25.8,24,2160,24,264,79,142,118,23,209,Negative
28,27.3,23,2070,23,253,79,138,113,24,187,Positive
34,27.1,23,2070,23,253,79,141,110,24,187,Negative
23,29.3,23,2070,23,253,81,140,112,20,171,Positive
26,28.3,23,2070,23,253,81,151,100,23,137,Positive
27,25.1,24,2160,24,264,80,144,118,21,217,Negative
30,27.1,23,2070,23,253,79,137,115,23,220,Negative
24,27.1,24,2160,24,264,82,148,115,19,208,Positive
26,28.1,23,2070,23,253,82,153,100,20,189,Positive
28,28.1,23,2070,23,253,80,144,107,24,183,Negative
32,28.7,23,2070,23,253,79,143,109,26,148,Negative
29,26.8,24,2160,24,264,81,157,106,21,188,Negative
34,26.1,23,2070,23,253,81,150,102,22,194,Negative
28,26,23,2070,23,253,82,156,97,21,184,Negative
25,26.7,23,2070,23,253,80,146,107,22,171,Negative
36,26.6,38,3420,38,418,81,242,171,20,276,Negative
28,24.5,38,3420,38,418,80,236,178,23,271,Negative
28,26.4,38,3420,38,418,81,235,179,21,275,Positive
40,27,38,3420,38,418,78,241,179,27,268,Negative
31,26.8,38,3420,38,418,81,250,165,23,244,Positive
27,28.9,38,3420,38,418,81,232,186,19,264,Positive
32,27.4,38,3420,38,418,81,257,161,23,223,Positive
27,29,38,3420,38,418,82,258,155,21,288,Positive
28,25.6,38,3420,38,418,80,244,173,23,251,Positive
27,27.9,38,3420,38,418,82,247,172,18,220,Positive
42,27.7,38,3420,38,418,80,235,179,23,246,Negative
29,26.1,38,3420,38,418,83,251,165,17,264,Negative
30,24.4,38,3420,38,418,82,278,137,23,268,Negative
31,25.2,38,3420,38,418,81,253,163,22,284,Positive
29,26.2,38,3420,38,418,82,259,155,21,269,Negative
39,26.1,38,3420,38,418,79,229,183,24,264,Negative
30,27.3,38,3420,38,418,80,240,176,23,253,Positive
29,28.7,38,3420,38,418,80,238,178,24,258,Negative
37,27.2,38,3420,38,418,81,243,172,21,275,Negative
32,26.5,38,3420,38,418,84,252,163,16,277,Negative
30,26.6,38,3420,38,418,82,256,158,19,287,Negative
32,26.2,38,3420,38,418,79,250,170,26,281,Negative
25,27.7,38,3420,38,418,83,257,162,19,251,Positive
30,27.7,38,3420,38,418,83,268,146,20,265,Positive
30,29.4,38,3420,38,418,80,228,189,22,239,Positive
29,24.4,38,3420,38,418,82,261,156,22,277,Positive
25,27.1,38,3420,38,418,82,247,169,19,256,Positive
42,28,38,3420,38,418,80,251,167,24,272,Negative
31,26.7,38,3420,38,418,83,263,153,20,262,Positive
27,27.9,38,3420,38,418,82,263,153,22,295,Negative
35,25.2,38,3420,38,418,80,234,180,22,268,Negative
33,27.2,38,3420,38,418,83,272,146,20,272,Negative
30,27.2,38,3420,38,418,82,NA,134,23,268,Positive
31,27.2,38,3420,38,418,83,NA,136,20,274,Positive
32,25.6,38,3420,38,418,83,NA,121,23,235,Negative
33,27.4,38,3420,38,418,83,NA,129,21,298,Negative
33,25.1,38,3420,38,418,83,NA,129,21,323,Positive
34,26.8,38,3420,38,418,82,NA,135,23,305,Negative
30,26.1,38,3420,38,418,83,NA,128,22,320,Negative
29,27.7,38,3420,38,418,84,NA,134,18,298,Positive
27,27.9,38,3420,38,418,83,NA,137,22,307,Positive
32,24.6,38,3420,38,418,82,NA,128,25,302,Positive
25,26.9,38,3420,38,418,83,NA,135,21,277,Positive
25,28.8,38,3420,38,418,83,NA,136,22,244,Negative
31,26.9,38,3420,38,418,83,NA,131,21,272,Positive
31,26,38,3420,38,418,82,NA,127,24,321,Negative
31,26.4,38,3420,38,418,83,NA,138,21,306,Negative
34,27.5,38,3420,38,418,83,NA,129,22,307,Negative
27,27.3,38,3420,38,418,84,NA,118,21,277,Negative
25,26.5,38,3420,38,418,84,NA,124,19,299,Negative
29,27,38,3420,38,418,85,301,112,19,339,Negative
36,28.3,38,3420,38,418,83,300,113,23,327,Negative
29,26.4,38,3420,38,418,85,311,106,21,319,Negative
27,24.1,38,3420,38,418,84,306,109,23,316,Positive
33,26.4,38,3420,38,418,85,306,110,20,339,Negative
31,26,38,3420,38,418,83,300,112,23,327,Negative
23,27.7,38,3420,38,418,85,303,114,20,251,Positive
31,28,38,3420,38,418,85,315,102,20,251,Positive
30,27.9,38,3420,38,418,83,301,113,24,328,Positive
23,24.8,38,3420,38,418,85,309,104,20,334,Positive
31,29.4,38,3420,38,418,85,302,113,19,306,Negative
24,26.1,38,3420,38,418,84,303,112,22,314,Negative
29,25.4,38,3420,38,418,84,299,113,21,333,Negative
28,27.8,38,3420,38,418,85,302,113,19,332,Negative
25,27.6,38,3420,38,418,85,304,112,20,273,Negative
31,25.3,38,3420,38,418,85,311,104,19,297,Negative
25,25.7,38,3420,38,418,NA,NA,108,0,313,Positive
41,26,38,3420,38,418,NA,NA,113,0,311,Negative
30,26.8,38,3420,38,418,NA,NA,113,0,331,Negative
29,27.1,38,3420,38,418,NA,NA,114,0,295,Negative
29,25.6,38,3420,38,418,NA,NA,114,0,318,Negative
33,27.9,38,3420,38,418,NA,NA,113,0,329,Positive
32,25.9,38,3420,38,418,NA,NA,113,0,317,Negative
22,27.6,38,3420,38,418,NA,NA,110,0,283,Positive
24,29.2,38,3420,38,418,NA,NA,111,0,267,Positive
24,26.5,38,3420,38,418,NA,NA,114,0,313,Positive
23,25,38,3420,38,418,NA,NA,107,0,334,Positive
23,28,38,3420,38,418,NA,NA,113,0,308,Positive
27,27.4,38,3420,38,418,NA,NA,114,0,305,Positive
27,27,38,3420,38,418,NA,NA,110,0,311,Negative
29,26.7,38,3420,38,418,NA,NA,110,0,332,Negative
27,26.5,38,3420,38,418,NA,NA,113,0,319,Negative
32,25.2,38,3420,38,417,NA,NA,110,0,337,Negative
28,26.3,38,3420,38,418,NA,NA,114,0,325,Negative
34,28.7,38,3420,38,418,NA,NA,113,0,257,Negative
29,31.3,38,3420,38,418,NA,NA,113,0,319,Negative
31,26,38,3420,38,418,NA,NA,110,0,329,Negative
29,26.8,38,3420,38,418,NA,NA,111,0,334,Negative
30,27.3,38,3420,38,418,NA,NA,114,0,325,Negative
33,26.9,38,3420,38,418,NA,NA,113,0,329,Negative
27,29.1,38,3420,38,418,NA,NA,113,0,288,Negative
28,25,38,3420,38,418,NA,NA,114,0,327,Negative
26,26.9,38,3420,38,418,NA,NA,112,0,337,Negative
30,26.1,38,3420,38,418,NA,NA,112,0,330,Negative
34,26.6,38,3420,38,418,NA,NA,113,0,282,Negative
22,26.7,38,3420,38,418,NA,NA,107,0,276,Negative
24,26.6,38,3420,38,418,NA,NA,113,0,333,Negative
28,26.7,38,3420,38,418,NA,NA,113,0,312,Negative
29,26.4,38,3420,38,418,NA,NA,113,0,326,Negative
29,26.7,38,3420,38,418,NA,NA,112,0,312,Negative
31,27,38,3420,38,418,NA,NA,114,0,335,Negative
26,30.5,38,3420,38,418,NA,NA,114,0,280,Negative
29,25.4,38,3420,38,418,NA,NA,112,0,324,Negative
26,27.6,38,3420,38,418,NA,NA,111,0,262,Negative
28,26.5,38,3420,38,418,NA,NA,113,0,301,Negative
30,26.7,38,3420,38,418,NA,NA,113,0,265,Negative
32,27.5,38,3420,38,418,NA,NA,113,0,282,Negative
28,26.7,38,3420,38,418,NA,NA,112,0,324,Negative
28,28.3,38,3420,38,418,NA,NA,111,0,282,Negative
27,27.6,38,3420,38,418,NA,NA,112,0,304,Negative
22,26.5,38,3420,38,418,NA,NA,112,0,340,Negative
32,26.2,38,3420,38,418,NA,NA,111,0,333,Negative
35,27.5,38,3420,38,418,NA,NA,113,0,315,Negative
26,27,38,3420,38,418,NA,NA,114,0,312,Negative
27,27.6,38,3420,38,418,NA,NA,109,0,277,Negative
28,27.6,38,3420,38,418,NA,NA,113,0,341,Negative
32,28.1,38,3420,38,418,NA,NA,114,0,336,Negative
29,25.7,38,3420,38,418,NA,NA,109,0,298,Negative
33,27.3,38,3420,38,418,NA,NA,114,0,317,Negative
27,29.1,38,3420,38,418,NA,NA,112,0,317,Negative
30,27.9,38,3420,38,418,NA,NA,114,0,326,Negative
30,29.7,38,3420,38,418,NA,NA,113,0,330,Negative
34,26.5,38,3420,38,418,NA,NA,108,0,323,Negative
28,28.8,38,3420,38,418,NA,NA,108,0,285,Negative
29,28,38,3420,38,418,NA,NA,114,0,312,Negative
35,28.1,38,3420,38,418,NA,NA,110,0,326,Negative
26,27,38,3420,38,418,NA,NA,113,0,273,Negative
31,26.8,38,3420,38,418,NA,NA,112,0,342,Negative
38,28.4,38,3420,38,418,NA,NA,109,0,329,Negative
32,28,38,3420,38,418,NA,NA,112,0,338,Negative
27,27,38,3420,38,418,NA,NA,113,0,314,Negative
28,26.9,38,3420,38,418,NA,NA,106,0,318,Negative
31,28.4,38,NA,NA,418,NA,NA,114,0,NA,Negative
28,28.6,38,NA,NA,418,NA,NA,111,0,NA,Negative
31,27.2,38,NA,NA,418,NA,NA,110,0,NA,Negative
34,27.2,38,NA,NA,418,NA,NA,113,0,NA,Negative
36,28.9,38,NA,NA,418,NA,NA,111,0,NA,Negative
31,27.7,38,NA,NA,418,NA,NA,114,0,NA,Negative
31,27.2,38,NA,NA,418,NA,NA,111,0,NA,Negative
29,28.4,38,NA,NA,418,NA,NA,113,0,NA,Negative
26,28.3,38,NA,NA,418,NA,NA,110,0,NA,Negative
31,25.7,38,NA,NA,418,NA,NA,113,0,NA,Negative
32,28,38,NA,NA,418,NA,NA,110,0,NA,Negative
30,27.1,38,NA,NA,418,NA,NA,106,0,NA,Negative
30,29.5,38,NA,NA,418,NA,NA,107,0,NA,Negative
29,27.5,38,NA,NA,417,NA,NA,114,0,NA,Negative
33,25.3,38,NA,NA,418,NA,NA,112,0,NA,Negative
38,26.5,38,NA,NA,418,NA,NA,113,0,NA,Negative
26,27.1,38,NA,NA,418,NA,NA,104,0,NA,Negative
27,25.8,38,NA,NA,418,NA,NA,109,0,NA,Negative
31,26.8,38,NA,NA,418,NA,NA,114,0,NA,Negative
29,27.9,38,NA,NA,418,NA,NA,102,0,NA,Negative
35,28.6,38,NA,NA,417,NA,NA,114,0,NA,Negative
30,26.8,38,NA,NA,418,NA,NA,113,0,NA,Negative
37,27.7,38,NA,NA,418,NA,NA,114,0,NA,Negative
36,28.2,38,NA,NA,418,NA,NA,107,0,NA,Negative
28,27.8,38,NA,NA,418,NA,NA,113,0,NA,Negative
28,29.1,38,NA,NA,418,NA,NA,114,0,NA,Negative
29,26.9,38,NA,NA,418,NA,NA,106,0,NA,Negative
27,28.5,38,NA,NA,418,NA,NA,111,0,NA,Negative
33,28.1,38,NA,NA,418,NA,NA,108,0,NA,Negative
24,26,38,NA,NA,407,NA,NA,101,0,NA,Negative
29,25,38,NA,NA,418,NA,NA,107,0,NA,Negative
37,28.9,38,NA,NA,418,NA,NA,112,0,NA,Negative
29,27.7,38,NA,NA,418,NA,NA,108,0,NA,Negative
30,26.3,38,NA,NA,418,NA,NA,102,0,NA,Negative
